title,title_translated,content,link,snippet,source,date
金可-KY(8406)私有化完成，4/29起成為Glamor Vision公司100%持股之子公司,The privatization of Jinke-KY (8406) was completed and it became a 100% owned subsidiary of Glamor Vision on April 29,"本資料由 (上櫃公司) 8406 金可-KY 公司提供序號 3 發言日期 111/03/31 發言時間 17:42:33發言人 張泰榕 發言人職稱 財務副總 發言人電話 86-21-5707-6088主旨 依據企業併購法第33條規定相關事項符合條款 第 53 款 事實發生日 111/03/31說明1.事實發生日:111/03/312.公司名稱:Ginko International Co., Ltd.3.與公司關係(請輸入本公司或子公司):本公司4.相互持股比例:不適用。5.發生緣由:依企業併購法第33條規定，將公告下列事項:(1)股東會決議之要旨:考量整合整體資源、擴大經營規模，以提升經營績效與競爭力，本公司已於2022年01月27日股東臨時會決議與Glamor Vision Ltd.（下稱「控股公司」）之子公司GlamorInternational Ltd.（下稱「合併子公司」）進行合併並簽署「合併契約」，由控股公司以每股普通股現金新台幣280元之收購價格，透過合併之方式收購本公司全部已發行及流通股份。於合併基準日，本公司將與合併子公司合併，以本公司為存續公司，以合併子公司為消滅公司，本公司於合併基準日將成為控股公司百分之百持股之子公司。(2)本合併案約定之每一普通股股份之對價為每股新台幣280元。(3)股份合併基準日發生股權移轉之效力：本合併案之合併基準日訂於2022年04月29日。(4)股東應於股份合併基準日一日前將其持有之股票提出於公司；未提出者，其原持有之股票失其效力。凡已參加台灣集中保管結算所股份有限公司進行集中辦理過戶者，本公司股票為無實體發行，股東無需另行於股份合併基準日一日前提出股票於本公司。6.因應措施:無。7.其他應敘明事項:無。",https://news.gbimonthly.com/tw/invest/show.php?num=48150,"本資料由(上櫃公司)8406金可-KY 公司提供序號3 發言日期111/03/31 
發言時間17:42:33發言人張泰榕發言人職稱財務副總發言人電話86-21-5707-6088主旨依據企業併購法第33...",環球生技,2022年03月31日
震撼！私募基金擬斥272億元併購金可-KY 溢價38.6％、明年上半年完成私有化,"Shocking! Private equity funds plan to spend 27.2 billion yuan to acquire Jinke-KY, a premium of 38.6%, and the privatization will be completed in the first half of next year","金可 - KY(8406-TW) 今 (26) 日宣布，與私募基金 Glamor Vision Ltd 簽署合併契約，Glamor Vision 將以現金支付每股 280 元為對價，收購金可全部股權，以金可 25 日收盤價 202 元計算，溢價達 38.6%，總交易金額 272 億元，預計明年上半年完成。

金可表示，此併購案將經股東會決議通過，並取得相關主管機關核准，預計明年上半年完成，若併購案順利進行，金可將私有化成為 Glamor Vision 旗下 100% 子公司，並終止櫃買中心交易。

Glamor Vision 是由金可主要股東 Hydron International Co., Ltd. 設立，後續將由亞洲最大私募投資公司之一的霸菱亞洲投資 (Baring Private Equity Asia)，以及金可另一主要股東 New Path International Co., Ltd. 作為共同投資人。

金可董事長蔡國洲表示，此次合併案符合金可股東利益，金可私有化後能採取更靈活的發展策略，並追尋長期企業價值提升，帶往更國際化的方向，此外，霸菱亞洲是目前公司最好的長期戰略合作夥伴。

蔡國洲指出，併購案完成後，金可將借重霸菱亞洲的國際經驗及專業，與公司經營階層及員工共同努力開發業務，並持續拓展國際市場。

金可致力於角膜接觸鏡（隱形眼鏡）、高效能角膜接觸鏡護理液及潤眼液的研發、製造及銷售，金可私有化後台中全球總部、上海總部以及全球經銷通路與兩岸的工廠均維持不變。

霸菱亞洲為全球領先地位的私募股權基金公司，旗下管理總資產超過 370 億美元，布局橫跨香港、北京、上海、孟買、新德里、新加坡、東京、倫敦、雪梨和洛杉磯，此外，霸菱亞洲擁有超過 24 年投資記錄，為旗下的投資組合公司提供豐富的資源支援和潛在價值創造機會。

※本文授權自鉅亨網，原文見此。

延伸閱讀：

外資連二賣航空雙雄累計21.7萬張 金融股成提款重災區

〈景氣燈號〉10月對策分數增加1分 連九亮紅燈",https://www.businesstoday.com.tw/article/category/80392/post/202111260034/,"金可- KY(8406-TW) 今(26) 日宣布，與私募基金Glamor Vision Ltd 簽署合併契約，Glamor Vision 
將以現金支付每股280 元為對價，收購金可全部股權，以金可25 日收盤...",今周刊,2021年11月26日
